<doc>
  <head>
    <title>Grammatica Authors</title>
  </head>

  <body>

    <h1>Authors</h1>

    <p>This software package is the result of many hours of hard work. 
    The persons involved as of this release are:</p>
  
    <list>
      <item>
        <title>Per Cederberg &lt;per at percederberg dot net&gt;</title>
        <text>Main author and creator of Grammatica.</text>
      </item>

      <item>
        <title>Marielle Fois &lt;marielle at kth dot se&gt;</title>
        <text>Testing and various suggestions for improvements. 
        Original web site design.</text>
      </item>

      <item>
        <title>Adrian Moore &lt;adrianrob at hotmail dot com&gt;</title>
        <text>Visual Basic source generator and initial .NET port.</text>
      </item>
    </list>


    <h1>Acknowledgements</h1>

    <p>This work has been inspired by (but does not borrow code from)
    several other similar tools, such as Flex, Bison, ANTLR, and
    SableCC. The authors of Grammatica wish to thank the authors of
    these other tools, without which Grammatica would not have come
    into existence.</p>

  </body>
</doc>
